,Latitude,Longitude,City,Country,Date,Temperature,Humidity,Cloudiness,Wind Speed
0,23.65,-27.07,ponta do sol,PT,2021-01-13 10:32:01,11.2,63.0,75.0,3.09
1,32.64,-56.34,saint george,US,2021-01-13 10:28:20,0.0,37.0,1.0,0.72
2,85.35,155.08,chokurdakh,RU,2021-01-13 10:31:44,-39.34,83.0,31.0,0.52
3,-29.18,60.31,saint-philippe,RE,2021-01-13 10:31:47,28.2,70.0,90.0,3.09
4,33.34,-172.68,kapaa,US,2021-01-13 10:31:48,22.0,83.0,1.0,3.09
5,63.24,-143.89,fairbanks,US,2021-01-13 10:30:03,-19.37,84.0,75.0,1.03
6,71.28,-132.96,tuktoyaktuk,CA,2021-01-13 10:31:49,-27.47,89.0,97.0,3.71
7,44.72,160.74,severo-kurilsk,RU,2021-01-13 10:31:49,-7.71,88.0,79.0,5.13
8,1.06,122.85,gorontalo,ID,2021-01-13 10:30:30,26.16,87.0,100.0,1.08
9,-43.45,-53.41,mar del plata,AR,2021-01-13 10:30:45,14.68,77.0,0.0,4.12
10,22.38,164.59,butaritari,KI,2021-01-13 10:31:51,26.98,82.0,100.0,7.93
11,33.25,-83.9,covington,US,2021-01-13 10:31:52,-2.23,86.0,1.0,3.26
12,79.2,-61.75,narsaq,GL,2021-01-13 10:27:07,0.0,86.0,90.0,1.54
13,12.07,-4.62,yorosso,ML,2021-01-13 10:31:53,32.48,10.0,0.0,5.95
14,-33.99,-122.31,rikitea,PF,2021-01-13 10:31:54,25.19,80.0,0.0,7.26
15,-44.33,115.95,albany,US,2021-01-13 10:30:02,-3.12,75.0,0.0,0.77
16,-39.54,-163.4,avarua,CK,2021-01-13 10:31:55,27.0,78.0,75.0,6.69
17,41.53,147.46,nemuro,JP,2021-01-13 10:31:56,-1.0,80.0,20.0,6.17
18,-69.67,18.85,bredasdorp,ZA,2021-01-13 10:31:56,23.0,73.0,90.0,7.72
19,-24.14,3.52,henties bay,NA,2021-01-13 10:31:57,19.85,80.0,99.0,1.99
20,66.44,138.46,deputatskiy,RU,2021-01-13 10:31:58,-37.43,76.0,95.0,0.42
21,1.68,-147.28,atuona,PF,2021-01-13 10:31:58,25.15,82.0,65.0,7.27
22,58.48,89.95,novobirilyussy,RU,2021-01-13 10:31:59,-29.4,87.0,57.0,0.95
23,56.81,54.57,foki,RU,2021-01-13 10:32:00,-22.28,90.0,67.0,1.93
24,38.53,172.21,nikolskoye,RU,2021-01-13 10:32:01,-13.47,78.0,75.0,6.0
25,-82.52,40.74,port alfred,ZA,2021-01-13 10:32:17,21.11,95.0,100.0,1.34
26,8.82,61.07,bandarbeyla,SO,2021-01-13 10:32:18,25.61,56.0,0.0,11.44
27,-29.9,-8.4,jamestown,US,2021-01-13 10:32:19,-2.99,100.0,90.0,4.28
28,86.73,81.88,dikson,RU,2021-01-13 10:32:19,-30.46,87.0,23.0,4.68
29,21.83,-131.53,lompoc,US,2021-01-13 10:27:29,7.25,93.0,1.0,2.72
30,48.88,-60.35,channel-port aux basques,CA,2021-01-13 10:32:21,-1.9,94.0,30.0,2.16
31,47.48,35.91,mala tokmachka,UA,2021-01-13 10:32:21,0.0,100.0,90.0,4.55
32,12.54,77.53,kanakapura,IN,2021-01-13 10:32:22,26.43,50.0,40.0,4.12
33,-85.32,5.0,hermanus,ZA,2021-01-13 10:32:22,23.89,78.0,90.0,4.02
34,77.14,-146.46,barrow,US,2021-01-13 10:31:07,-19.0,78.0,1.0,11.32
35,-7.49,-23.88,georgetown,MY,2021-01-13 10:30:47,29.5,62.0,20.0,3.09
37,74.91,-93.16,thompson,CA,2021-01-13 10:32:25,-4.0,100.0,90.0,2.57
38,4.93,-105.48,acapulco,MX,2021-01-13 10:32:26,23.53,68.0,18.0,2.0
40,-56.91,-101.69,punta arenas,CL,2021-01-13 10:27:41,7.89,81.0,90.0,1.54
41,-65.64,167.14,bluff,NZ,2021-01-13 10:32:28,13.33,86.0,95.0,0.45
42,-71.41,-61.87,ushuaia,AR,2021-01-13 10:32:28,6.0,75.0,40.0,3.6
43,-63.26,-15.35,cape town,ZA,2021-01-13 10:27:54,28.89,54.0,0.0,11.32
45,2.58,45.03,wanlaweyn,SO,2021-01-13 10:32:30,35.12,26.0,0.0,8.49
46,44.58,141.87,nayoro,JP,2021-01-13 10:32:31,-4.41,95.0,68.0,4.38
47,13.06,52.76,bereda,ES,2021-01-13 10:32:31,8.37,100.0,20.0,2.06
48,-85.74,38.71,port elizabeth,ZA,2021-01-13 10:30:33,22.0,88.0,90.0,5.14
49,-13.3,24.19,kabompo,ZM,2021-01-13 10:32:33,22.98,88.0,99.0,3.28
50,-35.02,5.55,saldanha,ZA,2021-01-13 10:32:33,31.0,40.0,14.0,4.63
51,-23.86,-60.36,pozo colorado,PY,2021-01-13 10:32:35,24.47,88.0,100.0,3.15
52,-8.71,154.22,buin,CL,2021-01-13 10:32:35,14.97,54.0,0.0,0.14
53,59.14,18.92,norrtalje,SE,2021-01-13 10:32:36,0.93,90.0,100.0,4.47
54,-5.55,123.39,katobu,ID,2021-01-13 10:32:37,25.75,89.0,100.0,1.38
55,59.25,-64.45,iqaluit,CA,2021-01-13 10:30:15,-19.0,71.0,90.0,6.17
56,50.29,98.42,kungurtug,RU,2021-01-13 10:32:38,-16.14,89.0,100.0,0.43
57,-48.26,92.01,busselton,AU,2021-01-13 10:32:38,24.44,41.0,8.0,1.34
58,55.84,131.65,tokur,RU,2021-01-13 10:32:39,-27.85,89.0,100.0,1.8
59,29.07,-132.25,pacific grove,US,2021-01-13 10:27:40,8.87,87.0,1.0,2.06
60,-70.18,-178.87,vaini,TO,2021-01-13 10:32:40,25.0,100.0,40.0,1.54
61,-8.64,157.06,gizo,SB,2021-01-13 10:32:41,28.8,74.0,100.0,4.54
63,3.02,52.59,hobyo,SO,2021-01-13 10:32:42,26.95,64.0,19.0,10.43
64,69.17,-114.88,yellowknife,CA,2021-01-13 10:32:43,-10.21,92.0,90.0,5.66
65,-7.37,-153.48,faanui,PF,2021-01-13 10:32:43,27.44,77.0,100.0,8.75
66,54.87,141.43,mnogovershinnyy,RU,2021-01-13 10:32:44,-26.44,87.0,100.0,1.15
67,-21.52,-87.77,pisco,PE,2021-01-13 10:32:45,18.95,82.0,20.0,2.57
69,-9.77,111.53,boyolangu,ID,2021-01-13 10:32:46,26.13,83.0,99.0,3.17
70,62.31,44.71,verkhnyaya toyma,RU,2021-01-13 10:32:46,-24.32,89.0,1.0,1.7
71,-22.82,-26.24,caravelas,BR,2021-01-13 10:32:47,26.58,75.0,21.0,1.38
72,-63.19,131.78,new norfolk,AU,2021-01-13 10:32:48,17.74,76.0,79.0,0.45
74,51.74,146.99,vostok,RU,2021-01-13 10:32:49,-13.32,96.0,98.0,1.35
75,-4.49,91.7,padang,ID,2021-01-13 10:32:50,26.07,73.0,88.0,4.0
76,68.89,18.31,setermoen,NO,2021-01-13 10:32:50,-15.0,72.0,0.0,2.06
77,-34.52,164.52,ahipara,NZ,2021-01-13 10:32:51,17.42,89.0,6.0,2.95
78,1.89,-154.41,hilo,US,2021-01-13 10:30:14,19.17,83.0,1.0,0.93
79,66.41,55.0,izhma,RU,2021-01-13 10:32:53,-24.61,89.0,62.0,1.29
80,3.08,99.78,teluk nibung,ID,2021-01-13 10:32:53,25.9,84.0,94.0,1.86
81,-15.75,21.76,kalabo,ZM,2021-01-13 10:32:54,25.66,72.0,100.0,3.11
82,-87.84,-142.5,mataura,NZ,2021-01-13 10:32:54,13.33,86.0,59.0,0.45
83,-3.06,75.42,hithadhoo,MV,2021-01-13 10:32:55,27.88,74.0,12.0,9.54
84,33.71,-128.84,half moon bay,US,2021-01-13 10:32:56,10.06,93.0,1.0,0.65
85,63.88,-122.57,norman wells,CA,2021-01-13 10:32:56,-20.0,84.0,90.0,3.6
87,-6.19,-86.18,talara,PE,2021-01-13 10:32:57,21.64,79.0,62.0,5.89
88,54.1,96.38,toora-khem,RU,2021-01-13 10:32:58,-18.78,90.0,100.0,0.04
89,50.2,-35.91,nanortalik,GL,2021-01-13 10:32:59,-1.06,95.0,100.0,6.84
90,13.07,82.28,kattivakkam,IN,2021-01-13 10:32:59,30.0,66.0,40.0,5.14
91,-40.28,-38.1,cidreira,BR,2021-01-13 10:32:09,21.94,78.0,95.0,5.11
92,21.3,24.94,faya,SA,2021-01-13 10:33:00,17.0,39.0,40.0,5.14
93,-25.44,39.3,inhambane,MZ,2021-01-13 10:33:01,27.0,94.0,75.0,1.03
95,26.13,126.17,itoman,JP,2021-01-13 10:33:02,14.36,58.0,75.0,2.06
96,15.14,45.83,sayyan,YE,2021-01-13 10:31:10,17.12,29.0,21.0,2.55
97,4.01,35.88,lodwar,KE,2021-01-13 10:33:04,35.17,22.0,0.0,8.18
99,80.95,93.53,talnakh,RU,2021-01-13 10:33:06,-25.97,87.0,89.0,4.77
100,-9.95,139.76,merauke,ID,2021-01-13 10:33:06,27.99,78.0,66.0,2.3
101,50.92,-87.62,geraldton,AU,2021-01-13 10:33:07,25.0,65.0,0.0,9.77
102,23.96,40.6,mecca,SA,2021-01-13 10:33:00,28.58,23.0,0.0,3.93
103,35.98,-6.68,conil,FR,2021-01-13 10:33:08,1.9,100.0,100.0,3.37
104,-3.81,55.64,victoria,HK,2021-01-13 10:33:09,12.64,52.0,39.0,2.18
105,-12.62,-27.91,sao jose da coroa grande,BR,2021-01-13 10:33:10,26.98,71.0,85.0,4.46
106,68.16,101.39,khatanga,RU,2021-01-13 10:33:10,-30.66,86.0,100.0,3.78
108,21.96,-118.49,guerrero negro,MX,2021-01-13 10:33:11,10.0,48.0,0.0,0.7
109,50.5,115.15,nizhniy tsasuchey,RU,2021-01-13 10:33:12,-22.56,81.0,0.0,1.72
111,-53.06,-51.53,necochea,AR,2021-01-13 10:33:13,13.33,85.0,0.0,2.11
113,-25.86,-81.19,coquimbo,CL,2021-01-13 10:29:38,14.0,88.0,90.0,1.03
114,-73.17,51.9,east london,ZA,2021-01-13 10:33:15,23.0,94.0,90.0,3.6
115,-50.94,162.65,tuatapere,NZ,2021-01-13 10:33:15,13.33,86.0,78.0,0.45
116,46.93,26.39,piatra neamt,RO,2021-01-13 10:33:16,3.33,86.0,73.0,2.51
117,56.23,-30.0,olafsvik,IS,2021-01-13 10:33:17,4.43,80.0,100.0,11.52
118,32.83,30.38,rosetta,EG,2021-01-13 10:33:17,20.0,73.0,40.0,7.72
119,2.92,-85.86,san cristobal,VE,2021-01-13 10:33:18,15.91,71.0,87.0,1.26
120,-1.05,156.08,namatanai,PG,2021-01-13 10:33:18,27.42,76.0,18.0,5.26
121,57.0,22.28,stende,LV,2021-01-13 10:33:19,-1.0,100.0,100.0,2.06
122,71.89,18.2,tromso,NO,2021-01-13 10:33:20,-4.0,58.0,0.0,5.66
123,69.25,-32.31,tasiilaq,GL,2021-01-13 10:33:20,0.0,86.0,90.0,18.01
124,-7.53,107.61,banjar,ID,2021-01-13 10:33:21,27.0,83.0,20.0,5.66
126,-8.17,-74.4,pucallpa,PE,2021-01-13 10:33:22,21.93,98.0,92.0,0.38
127,68.48,27.93,kemijarvi,FI,2021-01-13 10:33:23,-18.67,89.0,0.0,2.7
128,50.02,-144.47,kodiak,US,2021-01-13 10:33:23,-3.0,93.0,1.0,2.57
130,75.55,-141.16,aklavik,CA,2021-01-13 10:33:25,-20.0,84.0,100.0,1.03
131,-13.45,91.95,bengkulu,ID,2021-01-13 10:33:25,26.71,82.0,90.0,2.17
132,15.86,131.0,san policarpo,PH,2021-01-13 10:33:26,26.97,86.0,100.0,5.13
133,8.53,131.43,kloulklubed,PW,2021-01-13 10:33:26,26.0,94.0,90.0,1.54
136,-48.94,127.61,esperance,AU,2021-01-13 10:33:28,18.0,55.0,20.0,8.75
137,43.44,-93.5,albert lea,US,2021-01-13 10:33:29,-0.48,93.0,1.0,2.55
138,50.3,-32.19,lagoa,PT,2021-01-13 10:33:29,15.37,79.0,62.0,3.9
139,21.56,136.1,naze,JP,2021-01-13 10:33:30,9.0,87.0,40.0,1.03
140,2.93,62.83,kudahuvadhoo,MV,2021-01-13 10:33:32,27.73,76.0,100.0,8.99
141,11.06,36.25,bure,ET,2021-01-13 10:33:32,26.46,22.0,26.0,2.69
142,-41.05,-103.8,ancud,CL,2021-01-13 10:33:33,6.59,87.0,0.0,2.06
143,-5.02,115.89,martapura,ID,2021-01-13 10:32:13,26.0,89.0,40.0,1.54
144,33.82,40.61,abu kamal,SY,2021-01-13 10:33:34,21.84,22.0,100.0,5.04
146,12.49,-8.23,bamako,ML,2021-01-13 10:33:35,26.0,18.0,0.0,5.14
147,10.02,-6.73,boundiali,CI,2021-01-13 10:33:36,32.58,12.0,0.0,1.99
148,9.07,34.49,dembi dolo,ET,2021-01-13 10:33:36,26.91,25.0,38.0,3.78
149,-63.85,139.72,hobart,AU,2021-01-13 10:30:00,19.09,73.0,90.0,4.63
150,-30.95,33.22,durban,ZA,2021-01-13 10:31:25,27.91,78.0,20.0,4.12
151,83.12,31.0,berlevag,NO,2021-01-13 10:33:38,-14.5,47.0,0.0,19.03
152,21.91,46.81,riyadh,SA,2021-01-13 10:29:45,18.37,17.0,0.0,5.66
153,57.31,-28.09,grindavik,IS,2021-01-13 10:33:39,5.0,87.0,90.0,18.52
154,-9.83,-80.28,chimbote,PE,2021-01-13 10:33:40,20.71,88.0,100.0,2.33
155,-7.37,28.81,moba,CN,2021-01-13 10:33:41,-0.72,85.0,0.0,1.76
156,29.77,16.57,waddan,LY,2021-01-13 10:33:41,14.63,36.0,95.0,8.35
157,28.28,-87.23,warrington,GB,2021-01-13 10:30:00,2.68,100.0,90.0,3.6
158,53.69,-170.28,bethel,US,2021-01-13 10:33:42,-1.69,80.0,90.0,0.8
159,27.81,94.44,basar,IN,2021-01-13 10:33:43,19.0,88.0,75.0,2.57
160,-14.94,23.83,limulunga,ZM,2021-01-13 10:33:44,26.68,69.0,89.0,3.27
161,57.75,55.73,yugo-kamskiy,RU,2021-01-13 10:33:44,-23.0,64.0,16.0,2.0
163,78.19,-84.67,qaanaaq,GL,2021-01-13 10:33:45,-16.44,89.0,99.0,1.15
165,-20.66,156.69,hervey bay,AU,2021-01-13 10:33:47,23.89,76.0,0.0,0.45
166,-31.2,-40.24,arraial do cabo,BR,2021-01-13 10:33:47,25.57,78.0,40.0,7.2
167,9.95,37.2,shambu,ET,2021-01-13 10:33:48,20.69,43.0,58.0,1.62
169,26.91,50.67,manama,BH,2021-01-13 10:29:29,20.0,49.0,0.0,7.2
170,-47.03,176.53,christchurch,NZ,2021-01-13 10:33:50,17.09,88.0,90.0,2.06
171,-50.14,-106.51,castro,BR,2021-01-13 10:33:51,20.13,91.0,100.0,4.35
172,22.84,84.96,khunti,IN,2021-01-13 10:33:51,23.0,33.0,0.0,2.57
173,39.32,-62.77,liverpool,GB,2021-01-13 10:33:52,3.23,100.0,90.0,3.6
174,70.19,13.5,gravdal,NO,2021-01-13 10:33:53,-1.0,69.0,20.0,2.57
175,45.69,-37.51,ribeira grande,PT,2021-01-13 10:33:53,13.0,94.0,20.0,3.09
176,7.32,-80.68,la palma,US,2021-01-13 10:33:54,8.91,100.0,1.0,0.81
177,-16.72,62.15,grand gaube,MU,2021-01-13 10:33:54,28.89,74.0,28.0,3.58
178,69.82,114.18,saskylakh,RU,2021-01-13 10:33:55,-37.3,80.0,90.0,5.42
179,55.08,-53.13,saint anthony,US,2021-01-13 10:33:56,-2.33,100.0,1.0,1.36
180,63.24,106.31,yerbogachen,RU,2021-01-13 10:33:57,-30.51,84.0,100.0,4.03
181,66.27,-14.28,hofn,IS,2021-01-13 10:33:58,1.0,86.0,90.0,1.54
182,43.18,89.14,urumqi,CN,2021-01-13 10:33:59,-6.0,68.0,88.0,2.0
184,32.77,135.83,shingu,JP,2021-01-13 10:34:01,6.0,61.0,20.0,2.06
185,-60.46,77.96,souillac,MU,2021-01-13 10:34:02,29.0,70.0,40.0,6.17
186,43.73,15.99,sibenik,HR,2021-01-13 10:34:02,8.53,37.0,0.0,1.03
187,64.97,-131.7,inuvik,CA,2021-01-13 10:34:03,-20.0,84.0,98.0,1.03
188,61.26,-115.04,hay river,CA,2021-01-13 10:34:04,-3.51,93.0,99.0,2.06
189,-5.53,111.14,jati,PK,2021-01-13 10:34:04,28.41,12.0,0.0,1.29
190,89.95,126.92,tiksi,RU,2021-01-13 10:34:05,-37.06,80.0,36.0,1.51
191,45.73,-109.69,livingston,GB,2021-01-13 10:30:33,0.73,100.0,0.0,1.03
192,-27.45,-33.57,sao joao da barra,BR,2021-01-13 10:34:06,26.0,78.0,0.0,6.17
193,32.74,118.65,chuzhou,CN,2021-01-13 10:34:07,11.67,35.0,0.0,1.4
195,40.65,142.85,miyako,JP,2021-01-13 10:34:08,0.78,89.0,2.0,2.42
196,34.59,76.59,kargil,IN,2021-01-13 10:34:09,-17.0,71.0,0.0,0.13
197,-22.87,119.95,port hedland,AU,2021-01-13 10:34:09,33.0,75.0,4.0,6.69
198,73.52,-4.11,klaksvik,FO,2021-01-13 10:34:10,2.0,75.0,20.0,3.6
199,77.15,18.89,longyearbyen,SJ,2021-01-13 10:34:10,-6.0,86.0,75.0,3.6
200,35.43,23.26,platanos,GR,2021-01-13 10:34:11,9.85,58.0,40.0,5.66
201,47.3,-134.99,port hardy,CA,2021-01-13 10:34:12,5.0,93.0,90.0,7.2
202,21.48,143.65,shimoda,JP,2021-01-13 10:34:12,2.78,86.0,10.0,5.75
203,22.52,71.32,sayla,IN,2021-01-13 10:34:13,29.39,14.0,61.0,4.44
204,-15.87,96.82,labuhan,ID,2021-01-13 10:34:13,26.86,83.0,100.0,5.29
205,-4.68,-92.0,puerto ayora,EC,2021-01-13 10:34:14,23.33,94.0,33.0,1.34
206,-29.08,-70.63,vallenar,CL,2021-01-13 10:34:15,15.99,69.0,0.0,1.44
207,57.37,62.11,bulanash,RU,2021-01-13 10:34:15,-24.0,88.0,66.0,1.08
208,-24.21,-52.23,barbosa ferraz,BR,2021-01-13 10:34:16,23.0,88.0,99.0,1.03
209,-24.09,24.59,khudumelapye,BW,2021-01-13 10:34:16,32.88,29.0,14.0,6.1
210,36.85,-146.26,kahului,US,2021-01-13 10:34:17,21.24,73.0,40.0,4.12
211,-7.31,-46.89,riachao,BR,2021-01-13 10:34:18,24.05,86.0,1.0,2.01
212,-18.85,15.74,ondangwa,NA,2021-01-13 10:34:18,31.0,30.0,0.0,0.51
213,8.44,143.9,airai,TL,2021-01-13 10:34:19,18.13,100.0,100.0,0.76
214,39.1,88.6,korla,CN,2021-01-13 10:34:19,-5.56,79.0,40.0,0.2
215,-2.64,112.61,sampit,ID,2021-01-13 10:34:20,24.89,94.0,100.0,1.94
216,-13.64,-68.44,tambopata,PE,2021-01-13 10:34:20,22.69,99.0,72.0,0.65
217,-25.08,172.1,vao,NC,2021-01-13 10:34:21,25.57,83.0,97.0,8.61
218,18.92,-3.19,araouane,ML,2021-01-13 10:34:22,24.68,17.0,0.0,4.82
219,7.25,68.25,kulhudhuffushi,MV,2021-01-13 10:34:22,24.59,89.0,100.0,2.87
220,4.54,-15.84,bonthe,SL,2021-01-13 10:34:23,29.37,66.0,60.0,1.25
221,63.71,157.3,omsukchan,RU,2021-01-13 10:34:23,-33.53,83.0,100.0,1.55
222,48.1,139.1,mayskiy,RU,2021-01-13 10:34:24,3.0,93.0,90.0,10.0
223,-43.55,41.58,margate,GB,2021-01-13 10:31:22,4.61,87.0,100.0,0.45
224,-37.52,-89.13,lebu,CL,2021-01-13 10:34:25,11.6,72.0,41.0,5.5
226,-44.41,176.58,waipawa,NZ,2021-01-13 10:34:27,17.97,72.0,1.0,5.66
227,35.72,-50.04,torbay,CA,2021-01-13 10:34:27,-2.0,93.0,90.0,4.12
228,16.4,88.69,puri,IN,2021-01-13 10:34:28,31.0,51.0,40.0,1.54
230,-19.85,161.75,poum,NC,2021-01-13 10:34:29,28.15,80.0,92.0,7.2
231,20.31,114.51,zhuhai,CN,2021-01-13 10:34:30,14.9,41.0,0.0,2.57
232,78.47,156.34,cherskiy,RU,2021-01-13 10:34:30,-27.87,84.0,95.0,3.3
233,43.24,55.18,beyneu,KZ,2021-01-13 10:34:31,2.82,74.0,70.0,8.7
234,79.05,35.25,vardo,NO,2021-01-13 10:34:31,-16.0,78.0,0.0,18.52
235,8.17,88.32,port blair,IN,2021-01-13 10:34:32,26.3,78.0,41.0,6.46
236,62.3,52.91,borovoy,RU,2021-01-13 10:34:33,-22.0,77.0,0.0,6.0
237,4.47,-112.61,san patricio,US,2021-01-13 10:34:33,2.01,100.0,1.0,1.54
238,-13.24,122.9,kupang,ID,2021-01-13 10:34:34,28.0,89.0,40.0,1.03
239,37.53,-96.51,el dorado,US,2021-01-13 10:34:34,9.73,54.0,40.0,2.57
240,18.86,128.33,dicabisagan,PH,2021-01-13 10:34:35,22.59,84.0,95.0,3.64
241,54.39,32.33,shatalovo,RU,2021-01-13 10:34:36,-5.68,96.0,100.0,5.53
242,-26.2,164.76,noumea,NC,2021-01-13 10:26:16,26.74,88.0,0.0,4.63
243,62.55,112.75,chernyshevskiy,RU,2021-01-13 10:34:37,-32.07,86.0,100.0,3.2
244,10.38,147.84,lorengau,PG,2021-01-13 10:34:37,28.53,76.0,74.0,4.56
245,-28.08,99.8,carnarvon,AU,2021-01-13 10:34:38,27.0,74.0,0.0,9.26
246,2.3,-23.36,bubaque,GW,2021-01-13 10:34:39,24.85,46.0,0.0,6.74
247,62.11,-2.83,brae,GB,2021-01-13 10:34:39,4.0,81.0,20.0,5.14
248,5.75,-108.66,lazaro cardenas,MX,2021-01-13 10:34:40,22.96,53.0,100.0,1.86
249,-17.57,-87.17,lima,PE,2021-01-13 10:32:08,19.72,88.0,40.0,3.6
250,-47.27,171.38,dunedin,NZ,2021-01-13 10:34:41,15.0,88.0,15.0,3.13
251,42.63,40.44,pitsunda,GE,2021-01-13 10:34:42,19.41,40.0,90.0,7.0
252,-20.43,143.81,charters towers,AU,2021-01-13 10:34:42,24.98,83.0,76.0,5.45
254,65.68,3.12,raudeberg,NO,2021-01-13 10:34:44,-0.56,73.0,0.0,5.76
255,24.94,82.03,naigarhi,IN,2021-01-13 10:34:44,19.28,27.0,0.0,3.29
256,15.43,79.35,kanigiri,IN,2021-01-13 10:34:45,28.27,55.0,72.0,5.69
257,53.84,-13.84,dingle,PH,2021-01-13 10:34:45,24.25,82.0,100.0,4.48
258,3.1,3.34,lagos,NG,2021-01-13 10:32:12,29.0,79.0,75.0,4.12
259,2.93,-56.35,grand-santi,GF,2021-01-13 10:34:47,22.58,96.0,70.0,1.09
260,36.85,30.9,serik,TR,2021-01-13 10:34:48,19.3,68.0,75.0,5.66
261,16.91,21.84,biltine,TD,2021-01-13 10:34:49,32.72,10.0,0.0,0.9
262,43.84,-69.68,bath,GB,2021-01-13 10:32:26,8.86,100.0,100.0,9.11
263,12.18,-163.64,makakilo city,US,2021-01-13 10:34:50,24.33,73.0,75.0,4.12
264,-46.31,80.45,mahebourg,MU,2021-01-13 10:34:51,29.0,70.0,40.0,6.17
265,56.54,-114.9,slave lake,CA,2021-01-13 10:34:51,-7.0,86.0,100.0,1.54
266,-40.75,-65.1,puerto madryn,AR,2021-01-13 10:34:22,17.96,54.0,0.0,6.5
268,54.4,-102.2,flin flon,CA,2021-01-13 10:34:54,-6.91,97.0,86.0,2.14
269,45.37,-138.02,prince rupert,CA,2021-01-13 10:31:48,3.5,93.0,90.0,3.09
270,37.54,117.23,binzhou,CN,2021-01-13 10:34:55,1.13,75.0,0.0,3.42
271,-1.9,116.42,balikpapan,ID,2021-01-13 10:34:56,28.0,100.0,40.0,1.03
272,9.44,-78.4,tigre,AR,2021-01-13 10:34:56,18.89,72.0,0.0,3.09
274,56.44,-141.68,haines junction,CA,2021-01-13 10:34:58,-13.0,92.0,100.0,0.51
275,-16.08,139.47,alyangula,AU,2021-01-13 10:34:58,28.0,83.0,94.0,1.54
276,-20.8,-167.95,alofi,NU,2021-01-13 10:34:59,25.0,94.0,100.0,2.06
277,51.09,78.02,aksu,CN,2021-01-13 10:34:59,-2.25,67.0,0.0,2.38
278,48.77,-98.74,devils lake,US,2021-01-13 10:31:14,-1.83,86.0,90.0,2.06
279,48.89,3.89,epernay,FR,2021-01-13 10:35:01,2.67,100.0,90.0,0.51
281,74.27,179.77,leningradskiy,RU,2021-01-13 10:35:02,-26.23,86.0,100.0,5.54
282,19.13,-56.23,codrington,AU,2021-01-13 10:35:02,14.73,79.0,59.0,6.14
283,57.97,83.1,kolpashevo,RU,2021-01-13 10:35:03,-29.51,87.0,9.0,2.57
284,69.68,136.47,ust-kuyga,RU,2021-01-13 10:35:04,-38.17,75.0,78.0,1.69
285,14.87,61.09,salalah,OM,2021-01-13 10:32:40,28.0,20.0,0.0,9.26
286,-4.66,155.83,kieta,PG,2021-01-13 10:35:05,27.14,73.0,70.0,2.27
287,6.45,99.41,kuah,MY,2021-01-13 10:35:05,28.95,70.0,40.0,4.12
288,28.43,90.23,gasa,PS,2021-01-13 10:31:28,24.06,34.0,100.0,2.24
289,64.81,96.81,baykit,RU,2021-01-13 10:35:07,-26.87,84.0,100.0,1.48
290,6.56,-27.26,sao filipe,CV,2021-01-13 10:35:07,21.98,73.0,22.0,5.25
291,70.55,-55.47,upernavik,GL,2021-01-13 10:35:08,-11.06,96.0,100.0,8.9
292,25.97,68.65,shahdadpur,PK,2021-01-13 10:35:09,25.0,23.0,0.0,3.09
293,54.94,-176.08,provideniya,RU,2021-01-13 10:35:09,-20.03,84.0,100.0,3.66
294,-10.82,-77.07,oyon,PE,2021-01-13 10:35:10,7.09,73.0,80.0,2.47
295,49.7,125.92,nenjiang,CN,2021-01-13 10:35:11,-23.25,89.0,94.0,2.51
296,47.78,123.58,gannan,CN,2021-01-13 10:35:11,-16.26,90.0,94.0,2.32
297,13.22,-67.24,rincon,US,2021-01-13 10:35:12,8.12,71.0,90.0,3.6
299,-30.1,4.46,luderitz,NA,2021-01-13 10:35:13,22.38,65.0,25.0,4.97
300,-38.67,150.55,lakes entrance,AU,2021-01-13 10:35:14,22.78,72.0,87.0,3.1
301,8.68,-75.14,san marcos,US,2021-01-13 10:35:14,9.96,43.0,1.0,1.54
302,-27.56,-22.1,vila velha,BR,2021-01-13 10:31:28,24.61,78.0,20.0,2.57
303,4.67,-13.37,mattru,SL,2021-01-13 10:35:16,28.42,68.0,69.0,1.06
304,56.69,-127.07,smithers,CA,2021-01-13 10:35:16,-7.0,93.0,75.0,0.64
305,-36.66,176.97,tairua,NZ,2021-01-13 10:35:17,20.56,80.0,48.0,4.02
306,45.96,110.35,darhan,MN,2021-01-13 10:34:29,-20.61,86.0,82.0,0.11
307,43.64,140.35,yoichi,JP,2021-01-13 10:35:18,-1.0,93.0,75.0,1.54
308,23.74,-93.01,celestun,MX,2021-01-13 10:35:19,21.14,93.0,61.0,3.09
310,-27.89,43.6,beloha,MG,2021-01-13 10:35:20,35.84,35.0,0.0,6.58
311,55.97,-140.08,sitka,US,2021-01-13 10:35:20,2.0,93.0,90.0,3.6
312,68.37,-66.4,pangnirtung,CA,2021-01-13 10:35:21,-21.83,80.0,4.0,1.42
313,-42.31,-61.68,viedma,AR,2021-01-13 10:35:22,20.04,36.0,10.0,6.01
314,35.45,42.44,sinjar,IQ,2021-01-13 10:34:25,14.14,42.0,100.0,4.7
315,17.27,101.78,wang saphung,TH,2021-01-13 10:35:23,24.99,38.0,0.0,1.03
316,47.43,119.31,hailar,CN,2021-01-13 10:35:24,-23.88,90.0,100.0,2.83
317,1.49,-61.56,boa vista,BR,2021-01-13 10:35:25,25.0,78.0,90.0,4.63
319,28.3,40.7,sakakah,SA,2021-01-13 10:35:26,21.0,19.0,0.0,6.17
320,4.76,113.41,miri,MY,2021-01-13 10:32:18,26.84,94.0,40.0,2.06
322,5.17,30.38,maridi,SS,2021-01-13 10:35:28,36.48,16.0,58.0,2.47
323,49.08,58.38,emba,KZ,2021-01-13 10:35:28,-15.48,90.0,49.0,2.67
324,33.58,-26.05,ponta delgada,PT,2021-01-13 10:31:00,15.0,100.0,40.0,1.54
325,18.66,71.32,bombay,IN,2021-01-13 10:32:23,31.52,40.0,40.0,3.6
326,-15.83,-39.05,belmonte,BR,2021-01-13 10:35:30,23.0,88.0,40.0,2.06
327,6.07,-60.15,bartica,GY,2021-01-13 10:35:31,23.0,94.0,75.0,1.03
328,24.13,31.75,aswan,EG,2021-01-13 10:35:31,27.36,18.0,77.0,2.48
329,53.15,91.26,sayanogorsk,RU,2021-01-13 10:35:32,-15.49,91.0,100.0,0.87
330,52.24,-123.95,quesnel,CA,2021-01-13 10:35:00,1.0,80.0,90.0,4.63
331,28.88,146.0,katsuura,JP,2021-01-13 10:35:33,7.87,57.0,20.0,2.06
332,3.98,112.73,bintulu,MY,2021-01-13 10:35:34,26.83,89.0,40.0,1.54
333,13.16,-100.02,tecoanapa,MX,2021-01-13 10:35:34,23.06,80.0,22.0,2.31
334,41.85,27.37,malko tarnovo,BG,2021-01-13 10:35:35,5.0,75.0,40.0,3.09
335,52.73,79.88,blagoveshchenka,RU,2021-01-13 10:35:35,-25.69,88.0,94.0,3.69
336,2.35,133.9,manokwari,ID,2021-01-13 10:35:36,27.3,78.0,89.0,1.48
337,64.24,171.91,komsomolskiy,UZ,2021-01-13 10:35:37,5.0,42.0,100.0,2.06
338,40.92,38.75,gorele,TR,2021-01-13 10:35:37,22.0,37.0,75.0,1.54
339,-6.49,43.69,chake chake,TZ,2021-01-13 10:33:10,29.23,65.0,96.0,6.43
340,-9.03,-148.0,fare,PF,2021-01-13 10:35:38,27.37,77.0,100.0,8.56
341,-11.99,177.07,asau,RO,2021-01-13 10:35:39,-1.05,100.0,75.0,1.54
342,-15.94,169.85,vila,PT,2021-01-13 10:35:40,5.82,87.0,0.0,2.57
343,-29.09,-155.61,avera,US,2021-01-13 10:35:40,1.85,93.0,90.0,2.06
344,65.43,-154.88,kenai,US,2021-01-13 10:35:41,-2.65,74.0,90.0,5.66
345,45.36,-15.87,muros,ES,2021-01-13 10:35:42,2.82,100.0,1.0,1.15
346,-11.83,21.7,lumeje,AO,2021-01-13 10:35:42,21.86,81.0,100.0,1.45
347,10.55,97.62,ranong,TH,2021-01-13 10:35:43,28.0,57.0,0.0,6.69
348,57.85,179.19,beringovskiy,RU,2021-01-13 10:35:44,-27.25,85.0,66.0,4.66
350,-8.22,49.03,ambilobe,MG,2021-01-13 10:35:45,28.85,77.0,38.0,4.31
351,-6.62,-25.99,cabedelo,BR,2021-01-13 10:35:46,26.0,89.0,20.0,1.03
352,37.98,76.66,shache,CN,2021-01-13 10:34:45,5.19,41.0,0.0,0.67
353,-30.84,138.26,port augusta,AU,2021-01-13 10:34:14,23.27,77.0,75.0,9.77
354,80.41,40.3,ostrovnoy,RU,2021-01-13 10:35:48,-15.48,92.0,74.0,8.33
355,-45.38,-44.19,rocha,UY,2021-01-13 10:35:49,19.0,49.0,0.0,0.37
356,-2.13,-80.31,pedro carbo,EC,2021-01-13 10:35:49,23.56,100.0,40.0,2.06
357,14.66,-118.55,cabo san lucas,MX,2021-01-13 10:35:50,12.8,57.0,73.0,0.45
358,-4.62,40.3,micheweni,TZ,2021-01-13 10:35:50,28.19,72.0,83.0,7.36
359,33.05,140.07,tateyama,JP,2021-01-13 10:35:51,8.35,57.0,20.0,2.06
360,-30.35,-65.93,la rioja,ES,2021-01-13 10:35:52,4.0,81.0,75.0,5.14
361,-2.17,-5.23,tabou,CI,2021-01-13 10:35:52,27.82,77.0,94.0,4.16
362,9.13,83.45,batticaloa,LK,2021-01-13 10:35:53,26.8,81.0,38.0,6.07
363,71.11,-62.95,clyde river,CA,2021-01-13 10:35:53,-24.0,84.0,90.0,2.57
364,12.08,-5.15,koutiala,ML,2021-01-13 10:35:54,31.91,11.0,0.0,5.89
365,79.26,171.07,pevek,RU,2021-01-13 10:35:55,-25.76,89.0,100.0,3.5
366,0.66,104.66,kijang,KR,2021-01-13 10:35:55,10.0,50.0,0.0,6.17
367,56.08,18.75,wladyslawowo,PL,2021-01-13 10:35:56,1.18,93.0,75.0,4.12
368,46.84,-114.86,orchard homes,US,2021-01-13 10:35:57,5.15,87.0,90.0,9.26
369,25.59,-7.47,taoudenni,ML,2021-01-13 10:35:57,21.1,21.0,80.0,8.25
370,58.43,123.43,aldan,RU,2021-01-13 10:35:58,-36.25,82.0,60.0,0.9
371,16.94,-109.94,tomatlan,MX,2021-01-13 10:35:59,16.72,50.0,41.0,1.33
372,2.08,129.94,ternate,ID,2021-01-13 10:35:59,28.19,76.0,80.0,2.56
373,60.08,60.95,serov,RU,2021-01-13 10:36:00,-20.5,88.0,12.0,1.75
374,-6.52,-78.58,chota,PE,2021-01-13 10:36:01,10.83,85.0,64.0,1.45
375,4.94,32.99,kapoeta,SS,2021-01-13 10:36:01,36.61,17.0,1.0,7.14
376,52.18,-61.75,havre-saint-pierre,CA,2021-01-13 10:36:02,-12.0,92.0,90.0,2.06
377,53.2,33.6,zhiryatino,RU,2021-01-13 10:36:03,-5.0,80.0,90.0,7.0
378,54.7,89.84,shira,RU,2021-01-13 10:36:03,-25.65,89.0,71.0,0.53
379,48.46,137.56,troitskoye,RU,2021-01-13 10:36:04,-17.28,91.0,99.0,5.69
382,-15.99,-88.93,huarmey,PE,2021-01-13 10:36:06,20.65,90.0,100.0,2.98
383,-3.8,138.26,nabire,ID,2021-01-13 10:36:06,26.17,81.0,100.0,0.41
384,73.04,16.5,andenes,NO,2021-01-13 10:31:34,-4.14,74.0,0.0,3.6
385,23.64,-19.15,nouadhibou,MR,2021-01-13 10:36:08,17.0,55.0,0.0,9.77
386,68.24,-54.54,kangaatsiaq,GL,2021-01-13 10:36:08,-6.77,98.0,100.0,1.16
387,-15.71,-148.69,tiarei,PF,2021-01-13 10:36:09,25.77,73.0,75.0,2.06
388,17.23,-79.08,black river,JM,2021-01-13 10:36:09,22.48,83.0,20.0,2.06
389,65.44,129.4,sangar,RU,2021-01-13 10:36:10,-42.26,78.0,99.0,2.57
391,-20.77,3.56,namibe,AO,2021-01-13 10:36:11,27.0,54.0,20.0,5.66
392,46.75,-8.91,naron,ES,2021-01-13 10:36:12,5.96,100.0,20.0,2.06
393,58.99,48.86,murashi,RU,2021-01-13 10:36:12,-23.71,90.0,46.0,1.82
394,-58.61,128.76,portland,US,2021-01-13 10:31:41,9.1,86.0,100.0,0.45
395,-38.32,168.79,westport,US,2021-01-13 10:33:53,-1.41,69.0,90.0,1.88
396,13.71,0.03,dori,BF,2021-01-13 10:36:14,32.45,11.0,0.0,7.28
397,24.2,3.44,tessalit,ML,2021-01-13 10:36:15,29.83,12.0,45.0,3.47
398,34.8,-100.3,altus,US,2021-01-13 10:36:15,-3.48,93.0,1.0,1.54
399,65.4,149.37,zyryanka,RU,2021-01-13 10:36:16,-38.99,81.0,100.0,3.56
400,-6.89,121.87,maumere,ID,2021-01-13 10:36:17,29.11,74.0,79.0,2.12
401,-42.39,172.64,hanmer springs,NZ,2021-01-13 10:36:17,15.79,76.0,27.0,1.84
403,30.37,15.1,hun,LY,2021-01-13 10:36:19,14.86,35.0,96.0,7.75
404,19.12,-100.46,benito juarez,MX,2021-01-13 10:36:19,10.12,62.0,75.0,0.91
405,-19.95,-37.38,conceicao da barra,BR,2021-01-13 10:36:20,27.66,65.0,21.0,2.04
406,71.48,152.45,srednekolymsk,RU,2021-01-13 10:36:20,-37.13,82.0,67.0,2.26
407,-37.76,22.32,knysna,ZA,2021-01-13 10:36:21,20.0,88.0,90.0,6.17
408,67.81,124.43,zhigansk,RU,2021-01-13 10:36:22,-39.31,80.0,100.0,6.24
409,26.31,85.16,chakia,IN,2021-01-13 10:36:22,20.53,32.0,0.0,2.46
410,14.31,44.18,yarim,YE,2021-01-13 10:36:23,15.68,33.0,70.0,3.9
411,61.17,77.96,strezhevoy,RU,2021-01-13 10:36:24,-15.0,85.0,90.0,4.0
412,69.7,-52.98,aasiaat,GL,2021-01-13 10:36:24,-4.76,98.0,100.0,2.1
413,64.33,-54.49,maniitsoq,GL,2021-01-13 10:36:25,-6.03,94.0,93.0,2.85
414,56.63,41.19,savino,RU,2021-01-13 10:36:25,-19.18,91.0,100.0,3.95
415,51.43,83.67,charyshskoye,RU,2021-01-13 10:36:26,-16.98,85.0,100.0,4.13
416,46.63,-106.55,miles city,US,2021-01-13 10:34:35,4.0,70.0,1.0,4.63
417,19.31,94.35,thayetmyo,MM,2021-01-13 10:36:27,28.1,41.0,52.0,1.24
418,37.63,27.31,soke,ML,2021-01-13 10:36:28,31.66,11.0,14.0,6.53
419,49.02,91.33,ulaangom,MN,2021-01-13 10:36:28,-22.97,89.0,100.0,0.4
420,31.51,126.12,fukue,JP,2021-01-13 10:36:30,8.0,76.0,75.0,0.51
421,-40.02,153.94,batemans bay,AU,2021-01-13 10:36:31,22.78,86.0,78.0,4.3
422,66.61,58.42,usinsk,RU,2021-01-13 10:36:31,-24.96,83.0,8.0,3.15
423,29.52,21.42,awjilah,LY,2021-01-13 10:36:32,17.22,49.0,100.0,8.51
424,77.11,24.4,havoysund,NO,2021-01-13 10:36:32,-7.49,68.0,40.0,11.32
426,8.7,37.63,guder,ET,2021-01-13 10:36:34,21.85,46.0,71.0,1.11
427,74.81,165.84,bilibino,RU,2021-01-13 10:36:34,-25.96,84.0,100.0,2.25
428,45.75,-104.41,belle fourche,US,2021-01-13 10:36:35,8.04,42.0,1.0,6.69
429,65.58,147.83,shirokiy,RU,2021-01-13 10:36:36,-19.86,91.0,100.0,3.88
430,-29.11,120.2,northam,GB,2021-01-13 10:36:36,9.26,99.0,93.0,6.71
431,15.79,-7.65,nara,JP,2021-01-13 10:35:08,5.73,65.0,20.0,2.06
432,38.78,68.56,varzob,TJ,2021-01-13 10:36:37,16.0,20.0,0.0,2.0
433,-8.68,-75.84,uchiza,PE,2021-01-13 10:36:38,20.25,75.0,54.0,0.97
434,-12.85,37.36,montepuez,MZ,2021-01-13 10:36:39,27.37,72.0,90.0,3.07
435,-16.32,-74.04,acari,PE,2021-01-13 10:36:39,21.39,73.0,100.0,1.99
436,56.11,-130.5,ketchikan,US,2021-01-13 10:35:11,2.0,100.0,20.0,1.54
437,-10.63,-40.69,pindobacu,BR,2021-01-13 10:36:41,22.91,81.0,68.0,1.9
438,32.05,98.49,tezu,IN,2021-01-13 10:36:41,18.21,57.0,19.0,0.58
439,28.09,85.18,kathmandu,NP,2021-01-13 10:29:25,15.0,58.0,20.0,4.63
440,52.11,-95.21,lac du bonnet,CA,2021-01-13 10:36:42,-8.33,100.0,2.0,1.34
441,-23.1,-51.11,sertanopolis,BR,2021-01-13 10:36:43,24.0,94.0,40.0,4.57
442,25.31,16.13,marzuq,YE,2021-01-13 10:36:44,21.24,24.0,2.0,4.51
443,70.6,22.95,oksfjord,NO,2021-01-13 10:36:44,-10.37,79.0,0.0,5.66
444,40.17,-102.74,sterling,US,2021-01-13 10:36:45,-3.49,86.0,1.0,0.79
445,-13.57,22.69,zambezi,ZM,2021-01-13 10:36:46,24.55,73.0,100.0,3.83
446,44.33,98.18,hovd,MN,2021-01-13 10:36:46,-8.89,79.0,37.0,2.71
447,-6.49,111.35,rembang,ID,2021-01-13 10:36:47,26.14,87.0,100.0,3.71
448,36.43,-87.83,clarksville,US,2021-01-13 10:36:48,-2.69,93.0,1.0,2.06
449,21.52,58.43,ibra,OM,2021-01-13 10:36:48,28.05,14.0,0.0,4.14
450,42.42,118.18,mujiayingzi,CN,2021-01-13 10:32:07,-13.71,87.0,32.0,2.56
451,39.15,-21.65,vila franca do campo,PT,2021-01-13 10:36:49,15.0,100.0,40.0,1.54
452,41.08,-83.2,tiffin,US,2021-01-13 10:33:21,-1.32,89.0,95.0,0.45
453,12.63,119.93,buluang,PH,2021-01-13 10:36:51,23.92,86.0,97.0,2.83
454,33.92,19.42,tukrah,LY,2021-01-13 10:36:52,15.0,58.0,40.0,6.17
455,58.9,-131.57,juneau,US,2021-01-13 10:33:58,-0.3,81.0,90.0,4.63
457,40.06,-111.87,payson,US,2021-01-13 10:34:37,-0.73,80.0,90.0,0.88
458,54.75,-89.85,sioux lookout,CA,2021-01-13 10:36:54,-7.0,93.0,1.0,2.57
459,66.34,178.15,anadyr,RU,2021-01-13 10:36:55,-24.0,77.0,75.0,6.0
460,7.81,98.5,phuket,TH,2021-01-13 10:36:55,29.0,58.0,20.0,5.66
461,15.59,119.39,bolitoc,PH,2021-01-13 10:36:56,24.79,70.0,7.0,3.29
462,43.58,85.77,shihezi,CN,2021-01-13 10:36:56,-7.13,92.0,34.0,0.95
464,-30.63,-64.5,villa carlos paz,AR,2021-01-13 10:36:58,18.79,100.0,90.0,1.54
466,-8.67,-71.2,tarauaca,BR,2021-01-13 10:36:59,22.44,97.0,99.0,1.06
467,48.38,3.85,romilly-sur-seine,FR,2021-01-13 10:37:00,4.93,100.0,90.0,3.09
468,-64.54,27.81,kruisfontein,ZA,2021-01-13 10:37:00,23.33,86.0,100.0,2.68
469,-9.58,43.63,mitsamiouli,KM,2021-01-13 10:37:01,28.37,75.0,15.0,5.47
470,2.24,6.04,abonnema,NG,2021-01-13 10:37:02,29.0,79.0,75.0,1.03
471,28.28,30.37,matay,EG,2021-01-13 10:37:02,28.14,18.0,100.0,9.78
472,4.29,124.24,sarangani,PH,2021-01-13 10:37:03,28.18,79.0,35.0,4.11
473,2.41,75.03,muli,MV,2021-01-13 10:37:03,27.87,77.0,100.0,9.25
474,59.75,-134.13,whitehorse,CA,2021-01-13 10:37:04,-3.0,74.0,75.0,6.17
475,25.39,96.8,myitkyina,MM,2021-01-13 10:37:05,20.19,53.0,7.0,0.17
476,-38.72,174.14,waitara,NZ,2021-01-13 10:37:05,16.67,75.0,0.0,4.02
477,16.06,-93.58,tonala,MX,2021-01-13 10:37:06,8.03,76.0,40.0,0.28
478,-9.2,-53.22,alta floresta,BR,2021-01-13 10:37:06,22.66,97.0,100.0,0.2
480,59.42,75.63,megion,RU,2021-01-13 10:37:08,-15.0,85.0,90.0,4.0
481,-34.02,-76.22,constitucion,CL,2021-01-13 10:37:08,13.38,51.0,22.0,1.54
482,6.25,87.75,kalmunai,LK,2021-01-13 10:37:09,26.16,84.0,70.0,4.64
483,56.01,146.85,okha,RU,2021-01-13 10:37:09,-22.72,86.0,100.0,4.15
484,55.77,5.01,harlingen,US,2021-01-13 10:36:27,3.92,93.0,1.0,2.57
485,2.48,103.83,mersing,MY,2021-01-13 10:37:11,24.0,88.0,100.0,5.66
486,42.01,129.54,helong,CN,2021-01-13 10:37:11,-13.63,87.0,14.0,2.49
487,1.34,124.61,tomohon,ID,2021-01-13 10:37:12,27.0,89.0,20.0,0.84
488,-17.23,54.73,saint-denis,FR,2021-01-13 10:37:13,7.32,100.0,90.0,1.54
489,34.26,149.21,hasaki,JP,2021-01-13 10:37:13,3.37,75.0,20.0,1.03
490,50.84,-75.06,chapais,CA,2021-01-13 10:37:14,-4.0,93.0,90.0,5.14
491,37.31,24.45,apollonia,GR,2021-01-13 10:37:15,15.2,58.0,40.0,3.6
492,52.56,144.86,katangli,RU,2021-01-13 10:37:15,-15.79,94.0,100.0,4.76
493,-49.2,-81.55,coihaique,CL,2021-01-13 10:37:16,5.0,93.0,0.0,3.09
494,59.94,69.31,gornopravdinsk,RU,2021-01-13 10:37:16,-27.32,88.0,84.0,2.25
495,-8.28,-60.75,aripuana,BR,2021-01-13 10:37:17,23.04,94.0,97.0,0.27
496,-11.08,-42.65,xique-xique,BR,2021-01-13 10:37:18,24.95,74.0,11.0,6.89
497,12.11,-93.86,ocos,GT,2021-01-13 10:37:18,24.45,65.0,0.0,1.78
498,55.23,24.98,sirvintos,LT,2021-01-13 10:37:19,-0.5,93.0,90.0,4.63
499,57.77,-10.75,killybegs,IE,2021-01-13 10:37:19,10.52,93.0,90.0,2.57
500,-14.7,15.28,caconda,AO,2021-01-13 10:37:20,20.29,66.0,100.0,1.89
501,59.23,90.78,yeniseysk,RU,2021-01-13 10:37:20,-31.61,85.0,29.0,1.05
502,-17.87,22.25,shakawe,BW,2021-01-13 10:37:21,30.21,50.0,19.0,3.4
503,53.09,118.92,ust-karsk,RU,2021-01-13 10:37:22,-24.55,85.0,98.0,0.55
504,38.13,94.17,yumen,CN,2021-01-13 10:37:22,0.23,61.0,39.0,5.89
505,21.03,-9.47,atar,MR,2021-01-13 10:37:23,14.0,47.0,29.0,7.72
506,-33.75,-53.61,chuy,UY,2021-01-13 10:37:24,19.53,56.0,0.0,1.8
507,35.3,-106.52,bernalillo,US,2021-01-13 10:37:24,-1.76,37.0,75.0,4.63
508,7.74,-53.14,mana,GF,2021-01-13 10:37:25,25.17,85.0,100.0,5.48
510,52.42,-57.23,saint-augustin,CA,2021-01-13 10:37:26,-9.26,88.0,1.0,1.99
511,-10.41,-77.5,pativilca,PE,2021-01-13 10:37:27,20.62,89.0,100.0,2.1
512,19.31,-102.73,buenavista,PH,2021-01-13 10:37:27,25.32,90.0,100.0,1.17
513,56.84,-108.32,meadow lake,US,2021-01-13 10:37:28,-1.08,37.0,75.0,4.63
514,9.39,-45.49,cayenne,GF,2021-01-13 10:37:29,24.0,100.0,75.0,1.03
515,-20.31,-147.73,teahupoo,PF,2021-01-13 10:37:30,25.77,73.0,75.0,2.06
516,-27.54,161.54,bourail,NC,2021-01-13 10:37:30,25.73,86.0,70.0,2.07
517,-24.71,18.78,aranos,NA,2021-01-13 10:37:31,30.79,40.0,46.0,5.32
518,13.65,-82.13,san andres,CO,2021-01-13 10:37:31,27.0,69.0,40.0,7.72
519,40.39,16.96,palagiano,IT,2021-01-13 10:37:32,9.16,46.0,0.0,6.17
520,20.48,-89.23,teabo,MX,2021-01-13 10:37:33,19.38,98.0,78.0,0.98
522,79.86,27.33,mehamn,NO,2021-01-13 10:37:34,-9.0,35.0,0.0,6.69
523,-12.94,121.45,waingapu,ID,2021-01-13 10:37:34,27.95,81.0,90.0,0.95
524,47.39,-118.64,moses lake,US,2021-01-13 10:37:35,10.98,62.0,90.0,8.75
525,5.15,54.72,eyl,SO,2021-01-13 10:37:35,29.27,37.0,10.0,9.67
526,-2.61,41.72,lamu,KE,2021-01-13 10:37:36,27.35,72.0,46.0,7.39
527,5.81,42.2,mandera,KE,2021-01-13 10:37:37,34.5,18.0,30.0,6.65
528,49.52,25.82,zbarazh,UA,2021-01-13 10:37:37,-0.67,97.0,100.0,6.88
529,6.56,-55.16,nieuw amsterdam,SR,2021-01-13 10:37:38,23.38,94.0,75.0,3.09
530,40.76,-83.45,findlay,US,2021-01-13 10:36:14,-1.2,80.0,1.0,4.12
532,60.52,-123.54,fort nelson,CA,2021-01-13 10:37:40,-10.0,85.0,75.0,2.06
533,35.5,-151.51,kailua,US,2021-01-13 10:37:40,23.27,78.0,90.0,4.03
534,37.74,112.73,yuci,CN,2021-01-13 10:37:41,4.0,16.0,3.0,2.0
535,-28.94,-46.18,imbituba,BR,2021-01-13 10:37:42,24.0,88.0,40.0,4.12
536,38.31,7.51,carbonia,IT,2021-01-13 10:37:42,11.95,94.0,40.0,7.72
538,61.88,26.04,jyvaskyla,FI,2021-01-13 10:37:44,-15.77,78.0,75.0,4.12
539,-49.89,132.24,mount gambier,AU,2021-01-13 10:37:44,15.0,72.0,40.0,6.17
540,12.42,36.01,doka,SD,2021-01-13 10:37:45,33.96,13.0,0.0,3.32
542,1.94,-2.59,axim,GH,2021-01-13 10:33:13,28.5,73.0,45.0,4.46
543,-34.06,81.58,bambous virieux,MU,2021-01-13 10:37:46,28.95,70.0,40.0,6.17
545,6.32,65.81,ugoofaaru,MV,2021-01-13 10:37:48,26.49,79.0,100.0,3.96
546,32.36,-101.37,big spring,US,2021-01-13 10:37:49,-0.46,86.0,1.0,3.6
547,-10.15,-63.25,ariquemes,BR,2021-01-13 10:37:49,23.43,94.0,100.0,1.03
548,47.65,12.64,traunstein,DE,2021-01-13 10:37:50,0.87,69.0,40.0,5.66
549,-1.58,-41.58,luis correia,BR,2021-01-13 10:37:50,27.22,73.0,100.0,4.92
550,6.15,120.35,pandan niog,PH,2021-01-13 10:37:51,27.84,83.0,100.0,8.06
551,36.64,13.75,licata,IT,2021-01-13 10:37:52,13.0,71.0,0.0,1.03
552,58.75,143.55,okhotsk,RU,2021-01-13 10:37:52,-25.02,84.0,25.0,3.36
554,48.5,72.61,atasu,KZ,2021-01-13 10:37:53,-26.01,88.0,10.0,0.14
555,57.33,-19.6,vestmannaeyjar,IS,2021-01-13 10:37:54,5.0,93.0,90.0,18.52
556,11.38,77.09,sirumugai,IN,2021-01-13 10:37:55,26.0,69.0,75.0,3.09
557,45.95,94.15,hami,CN,2021-01-13 10:37:55,-5.52,78.0,100.0,2.73
558,45.08,138.1,svetlaya,RU,2021-01-13 10:37:56,-7.5,90.0,84.0,2.91
559,-4.17,-57.66,maues,BR,2021-01-13 10:37:56,23.76,95.0,90.0,1.1
560,61.79,-145.14,palmer,US,2021-01-13 10:37:57,-4.8,93.0,90.0,1.15
561,-31.94,159.55,sawtell,AU,2021-01-13 10:37:57,24.0,73.0,90.0,3.6
563,56.88,74.29,tara,RU,2021-01-13 10:37:58,-26.93,88.0,51.0,2.48
564,41.46,-63.94,shelburne,CA,2021-01-13 10:37:59,-2.28,86.0,90.0,4.12
565,-4.42,-48.51,itupiranga,BR,2021-01-13 10:38:00,24.0,100.0,75.0,1.14
567,46.09,-78.68,mattawa,US,2021-01-13 10:38:01,10.73,58.0,90.0,11.32
568,60.03,111.05,vitim,RU,2021-01-13 10:38:02,-25.95,85.0,100.0,3.31
569,38.46,121.73,dalian,CN,2021-01-13 10:38:02,-2.0,46.0,0.0,1.0
570,45.49,66.72,shieli,KZ,2021-01-13 10:34:17,-1.25,85.0,30.0,3.93
571,-48.2,-69.18,comodoro rivadavia,AR,2021-01-13 10:38:03,15.0,77.0,40.0,4.12
572,-14.85,-51.94,barra do garcas,BR,2021-01-13 10:38:04,24.75,85.0,100.0,0.32
573,-15.84,168.61,lakatoro,VU,2021-01-13 10:38:04,27.27,82.0,100.0,1.37
574,58.99,-115.93,high level,CA,2021-01-13 10:38:05,-5.0,93.0,20.0,1.03
575,34.91,39.0,manbij,SY,2021-01-13 10:38:06,12.0,50.0,75.0,1.03
576,-12.31,15.75,huambo,AO,2021-01-13 10:37:14,26.0,44.0,20.0,4.63
577,67.25,92.18,svetlogorsk,BY,2021-01-13 10:38:07,-3.41,97.0,99.0,3.7
578,25.34,116.82,longyan,CN,2021-01-13 10:38:08,8.3,49.0,0.0,0.82
580,-5.24,-73.66,requena,ES,2021-01-13 10:38:09,9.79,53.0,0.0,3.09
581,47.96,122.56,zalantun,CN,2021-01-13 10:38:09,-18.84,82.0,91.0,5.47
582,37.36,35.83,kozan,TR,2021-01-13 10:38:10,20.16,45.0,75.0,1.54
583,-13.81,167.28,sola,VU,2021-01-13 10:38:11,26.0,94.0,40.0,4.1
584,-13.41,28.78,ndola,ZM,2021-01-13 10:38:11,23.59,79.0,99.0,1.84
585,7.28,120.42,simbahan,PH,2021-01-13 10:38:12,27.8,83.0,100.0,8.07
586,-17.84,-143.93,tautira,PF,2021-01-13 10:38:12,25.77,73.0,75.0,2.06
587,40.89,63.09,gazli,UZ,2021-01-13 10:38:13,8.37,53.0,0.0,6.96
588,-17.63,12.99,opuwo,NA,2021-01-13 10:38:14,27.59,24.0,100.0,3.44
589,-20.31,138.76,mount isa,AU,2021-01-13 10:38:14,34.0,31.0,94.0,3.6
590,55.42,-117.6,valleyview,CA,2021-01-13 10:38:15,-1.0,74.0,100.0,3.09
591,44.0,132.39,ivanovka,KG,2021-01-13 10:38:16,-4.0,86.0,40.0,3.0
592,49.54,132.64,bira,RU,2021-01-13 10:38:16,-15.84,93.0,100.0,0.27
593,44.88,-114.61,hailey,US,2021-01-13 10:38:17,-1.09,100.0,90.0,1.54
594,75.27,86.18,dudinka,RU,2021-01-13 10:38:17,-25.55,89.0,73.0,3.44
595,-35.56,135.78,port lincoln,AU,2021-01-13 10:34:31,16.02,75.0,0.0,4.53
596,-28.16,155.74,byron bay,AU,2021-01-13 10:38:18,21.21,83.0,8.0,2.06
597,-7.3,-47.7,carolina,PR,2021-01-13 10:38:19,22.32,94.0,90.0,2.06
599,39.52,-93.49,marshall,US,2021-01-13 10:38:20,-4.61,100.0,90.0,1.95
600,-47.77,174.95,southbridge,US,2021-01-13 10:38:21,-3.76,80.0,0.0,1.8
604,49.61,78.46,semey,KZ,2021-01-13 10:38:23,-20.0,77.0,40.0,11.0
605,8.61,-15.16,conakry,GN,2021-01-13 10:38:24,26.68,74.0,11.0,0.49
606,34.73,93.24,lasa,IT,2021-01-13 10:38:25,-1.49,39.0,90.0,3.6
607,66.2,117.29,nyurba,RU,2021-01-13 10:38:26,-31.66,85.0,100.0,2.3
608,48.64,20.84,medzev,SK,2021-01-13 10:38:27,-0.5,93.0,20.0,3.09
611,-11.96,151.88,samarai,PG,2021-01-13 10:38:28,29.24,79.0,97.0,2.95
612,17.23,103.2,nong han,TH,2021-01-13 10:38:29,22.79,35.0,0.0,2.06
613,-5.5,29.98,uvinza,TZ,2021-01-13 10:38:30,26.42,69.0,49.0,2.09
614,-8.84,-88.12,paita,PE,2021-01-13 10:38:30,21.1,82.0,45.0,3.24
615,-26.1,144.89,roma,US,2021-01-13 10:36:04,-1.62,80.0,90.0,2.06
617,35.93,-140.92,fortuna,US,2021-01-13 10:38:32,14.76,100.0,90.0,4.12
618,52.55,108.67,turka,UA,2021-01-13 10:38:33,-1.46,80.0,100.0,4.67
619,10.15,-70.94,bachaquero,VE,2021-01-13 10:38:33,24.41,74.0,86.0,2.78
620,-1.24,129.24,sorong,ID,2021-01-13 10:38:34,28.18,79.0,100.0,4.95
621,55.31,54.59,semiletka,RU,2021-01-13 10:38:35,-21.49,91.0,96.0,2.75
622,68.72,-8.42,vestmanna,FO,2021-01-13 10:38:35,2.0,75.0,20.0,3.6
623,56.26,73.56,kolosovka,RU,2021-01-13 10:38:36,-27.79,88.0,63.0,3.16
624,0.94,47.03,mogadishu,SO,2021-01-13 10:36:28,27.93,63.0,10.0,10.12
625,70.63,27.57,kjollefjord,NO,2021-01-13 10:38:37,-9.0,35.0,0.0,6.69
626,59.86,13.88,kristinehamn,SE,2021-01-13 10:38:38,-2.78,100.0,75.0,5.14
627,60.36,-47.34,qaqortoq,GL,2021-01-13 10:38:38,0.0,86.0,90.0,1.54
628,19.55,-94.15,pajapan,MX,2021-01-13 10:38:39,18.66,89.0,100.0,3.81
629,59.4,65.65,mezhdurechenskiy,RU,2021-01-13 10:38:40,-26.75,87.0,4.0,2.06
630,-85.75,177.79,kaitangata,NZ,2021-01-13 10:38:40,13.88,96.0,10.0,0.8
631,36.98,4.41,timizart,DZ,2021-01-13 10:38:41,10.45,70.0,96.0,3.27
632,46.46,117.75,manzhouli,CN,2021-01-13 10:38:42,-24.62,84.0,3.0,4.32
633,-8.63,-65.85,pauini,BR,2021-01-13 10:38:42,22.96,97.0,85.0,0.28
634,-13.79,29.17,mkushi,ZM,2021-01-13 10:38:43,21.8,89.0,100.0,0.66
635,30.23,116.01,huangmei,CN,2021-01-13 10:38:43,9.45,51.0,0.0,0.74
637,47.69,133.67,lermontovka,RU,2021-01-13 10:38:45,-12.83,95.0,100.0,1.39
638,74.83,-170.82,lavrentiya,RU,2021-01-13 10:38:45,-20.04,86.0,100.0,4.01
639,-16.74,109.56,karratha,AU,2021-01-13 10:38:46,35.42,32.0,61.0,7.37
640,-12.91,-33.13,coruripe,BR,2021-01-13 10:38:47,26.92,71.0,100.0,5.02
641,-40.89,167.5,hokitika,NZ,2021-01-13 10:38:47,14.66,89.0,84.0,2.26
642,-21.54,-95.56,hualmay,PE,2021-01-13 10:38:48,20.97,87.0,97.0,3.22
643,-30.89,-72.74,ovalle,CL,2021-01-13 10:38:49,16.48,52.0,0.0,0.37
644,-40.12,144.1,colac,AU,2021-01-13 10:38:49,15.18,85.0,67.0,4.23
